SNP_ID,chromosome,base_pair_location,other_allele,effect_allele,beta,p_value
1_46932824_A_G,1,46932824.0,A,G,-0.0189776,0.385613
1_55039974_G_A,,,,,,
1_55039974_G_T,1,55039974.0,G,T,-0.139076,0.0462237
1_162065484_T_C,1,162065484.0,T,C,-0.0187532,0.297978
1_222650187_A_C,1,222650187.0,A,C,-0.00898979,0.587782
1_222650187_A_G,,,,,,
1_222650187_A_T,,,,,,
1_240282296_T_C,1,240282296.0,T,C,0.00449526,0.846119
1_239273242_A_T,1,239273242.0,A,T,-0.0445934,0.028887
1_159715346_A_G,1,159715346.0,A,G,0.015736,0.61165
1_201359637_G_A,,,,,,
1_201359637_G_T,,,,,,
1_170600176_A_G,1,170600176.0,A,G,0.0335844,0.0269184
1_170600176_A_T,,,,,,
1_53247055_C_T,1,53247055.0,C,T,0.00145077,0.924176
1_169731919_T_G,1,169731919.0,T,G,0.0171723,0.474896
1_228374584_G_A,,,,,,
1_228374584_G_C,,,,,,
1_109279544_G_A,1,109279544.0,G,A,0.0599644,0.00169407
1_109279544_G_C,,,,,,
1_169549811_C_T,,,,,,
1_226885570_C_T,1,226885570.0,C,T,-0.2828,0.200931
1_109275908_C_T,1,109275908.0,C,T,0.0610909,0.00148564
1_230710048_A_G,1,230710048.0,A,G,-0.000917644,0.95152
1_201364336_G_A,,,,,,
1_201364336_G_T,,,,,,
2_85581859_T_C,2,85581859.0,T,C,0.00958684,0.526284
2_85581859_T_G,,,,,,
2_21006196_G_A,,,,,,
2_202556361_G_A,,,,,,
2_202556361_G_C,,,,,,
2_21006289_G_A,,,,,,
2_202520142_G_A,,,,,,
2_96114968_T_A,,,,,,
2_96114968_T_G,2,96114968.0,T,G,0.0206966,0.196917
2_226203364_A_C,2,226203364.0,A,C,0.0221731,0.16289
2_226203364_A_G,2,226203364.0,A,G,0.0229904,0.824492
2_168159404_C_T,2,168159404.0,C,T,0.0174509,0.388268
2_70747758_G_T,2,70747758.0,G,T,0.00541574,0.731409
2_159333698_A_C,2,159333698.0,A,C,-0.0809972,0.237583
2_202555352_G_A,,,,,,
2_168184876_T_G,2,168184876.0,T,G,0.0164416,0.329556
2_197766990_G_A,2,197766990.0,G,A,0.0103756,0.516401
3_46860813_G_A,,,,,,
3_46860813_G_C,,,,,,
3_46860813_G_T,,,,,,
3_186841671_G_A,3,186841671.0,G,A,-0.0416513,0.123409
3_12351626_C_G,3,12351626.0,C,G,-0.00379855,0.868796
3_108428881_T_A,,,,,,
3_108428881_T_C,3,108428881.0,T,C,0.00213863,0.895629
3_38575385_C_T,3,38575385.0,C,T,0.0307656,0.885363
3_38613787_G_A,,,,,,
3_148742201_A_C,3,148742201.0,A,C,-0.015556,0.34059
3_167769515_A_T,3,167769515.0,A,T,-0.00948239,0.537722
4_110799605_T_G,4,110799605.0,T,G,-0.0664565,0.0108414
4_24800212_C_G,4,24800212.0,C,G,0.0961494,0.208134
4_110789013_C_T,4,110789013.0,C,T,0.10595,3.55193e-06
4_88139962_C_T,4,88139962.0,C,T,-0.00106257,0.977965
4_2904980_G_A,,,,,,
4_2904980_G_T,4,2904980.0,G,T,-0.0183108,0.332461
4_147542688_G_A,,,,,,
4_147542688_G_C,4,147542688.0,G,C,0.0162389,0.290982
4_168756335_G_A,4,168756335.0,G,A,0.00655053,0.676505
4_23814039_C_T,4,23814039.0,C,T,-0.0168692,0.284106
5_148827322_C_T,5,148827322.0,C,T,0.0542386,0.417897
5_177409531_A_G,5,177409531.0,A,G,-0.00818474,0.646338
5_100613278_A_T,5,100613278.0,A,T,0.00800084,0.674819
5_60206693_A_G,5,60206693.0,A,G,0.0309349,0.043349
6_31573007_C_A,6,31573007.0,C,A,-0.00135657,0.936907
6_160589086_A_G,6,160589086.0,A,G,0.111553,0.000161858
6_26090951_C_G,6,26090951.0,C,G,0.0072234,0.730395
6_31575254_G_A,6,31575254.0,G,A,-0.0255832,0.335567
6_7562999_T_G,6,7562999.0,T,G,-0.00418112,0.780829
6_160540105_T_C,6,160540105.0,T,C,0.113246,0.0503803
6_12296022_G_T,6,12296022.0,G,T,0.00847041,0.638631
6_150931849_G_A,6,150931849.0,G,A,-0.000487331,0.977078
7_150951110_A_C,,,,,,
7_150951110_A_G,7,150951110.0,A,G,-0.0185189,0.229465
7_150951110_A_T,,,,,,
7_113878379_C_A,7,113878379.0,C,A,-0.0298394,0.232728
7_22726627_G_C,7,22726627.0,G,C,-0.042989,0.203644
7_95308134_T_C,7,95308134.0,T,C,0.0283936,0.0844706
7_128723233_G_A,7,128723233.0,G,A,0.0215501,0.22705
7_95316772_A_C,,,,,,
7_95316772_A_G,,,,,,
7_95316772_A_T,7,95316772.0,A,T,0.0160017,0.302669
8_54414531_G_A,8,54414531.0,G,A,-0.00694804,0.737564
8_19975135_G_T,8,19975135.0,G,T,-0.0258909,0.292503
8_19956018_A_G,8,19956018.0,A,G,0.11364,0.0470718
8_19961928_A_G,8,19961928.0,A,G,-0.0243939,0.133322
8_37966280_A_G,8,37966280.0,A,G,-0.0419483,0.148558
8_139167781_G_T,8,139167781.0,G,T,-0.00812986,0.623849
8_54524964_A_G,8,54524964.0,A,G,0.0155236,0.412222
9_122370243_A_G,9,122370243.0,A,G,0.0449774,0.130476
9_22088261_C_T,9,22088261.0,C,T,0.0751705,5.22263e-07
9_22096056_A_G,9,22096056.0,A,G,0.0739004,8.36926e-07
9_22124478_A_G,9,22124478.0,A,G,0.0777658,2.2185e-07
9_22083405_C_G,,,,,,
9_22083405_C_T,9,22083405.0,C,T,0.0693122,5.79776e-06
9_22125348_A_C,9,22125348.0,A,C,0.0743832,6.79122e-07
9_22125504_G_C,9,22125504.0,G,C,0.0781352,2.15128e-07
9_22115027_A_G,9,22115027.0,A,G,0.0768651,3.14774e-07
9_22115960_A_G,9,22115960.0,A,G,0.0759313,4.28436e-07
9_22003224_C_T,9,22003224.0,C,T,0.0513619,0.000855692
9_122371228_C_T,9,122371228.0,C,T,0.0440306,0.140142
9_22098575_A_G,9,22098575.0,A,G,0.0760205,3.89428e-07
9_22098575_A_T,,,,,,
9_117713024_A_G,9,117713024.0,A,G,0.0295609,0.347653
9_117713024_A_T,,,,,,
9_121660124_G_A,9,121660124.0,G,A,0.0285999,0.0931508
10_44280376_C_T,10,44280376.0,C,T,-0.0410482,0.0584695
10_94781859_G_A,10,94781859.0,G,A,0.00508301,0.809649
10_94781859_G_C,,,,,,
10_86681680_C_T,,,,,,
10_44258419_T_C,10,44258419.0,T,C,-0.0418173,0.0526359
10_113588287_G_A,10,113588287.0,G,A,-0.062533,0.109895
11_47333924_G_A,,,,,,
11_47333924_G_C,,,,,,
11_46739505_G_A,11,46739505.0,G,A,0.0493515,0.418705
11_113400106_G_A,11,113400106.0,G,A,-0.0114731,0.546814
11_112164265_C_A,,,,,,
11_112164265_C_G,11,112164265.0,C,G,0.000577367,0.972728
11_47343070_G_A,,,,,,
11_47343070_G_T,,,,,,
11_6624138_C_T,,,,,,
11_14972978_A_G,11,14972978.0,A,G,-0.010419,0.515449
11_116792991_G_A,11,116792991.0,G,A,-0.00759616,0.802192
11_116778201_G_C,11,116778201.0,G,C,-0.0336383,0.11593
12_110919133_C_A,,,,,,
12_110919133_C_G,,,,,,
12_110919133_C_T,,,,,,
12_108204497_G_A,12,108204497.0,G,A,-0.0016479,0.984159
12_24828677_A_C,12,24828677.0,A,C,-0.0037004,0.806123
12_108250412_T_C,12,108250412.0,T,C,0.0116974,0.434989
12_108250412_T_G,,,,,,
13_30737959_A_T,13,30737959.0,A,T,0.0123332,0.44129
13_33119700_C_T,13,33119700.0,C,T,-0.00843664,0.639706
14_35292469_C_G,14,35292469.0,C,G,-0.0019029,0.92308
14_35292469_C_T,,,,,,
14_73211811_A_G,,,,,,
14_73211811_A_T,,,,,,
14_614524988_C_T,,,,,,
14_54843774_G_A,14,54843774.0,G,A,0.00940937,0.614069
15_48596311_G_A,,,,,,
15_48596311_G_C,,,,,,
15_67166301_T_C,15,67166301.0,T,C,0.00985142,0.554297
15_48623687_T_C,15,48623687.0,T,C,-0.00657193,0.783319
16_20354332_A_G,16,20354332.0,A,G,-0.00719488,0.710186
16_53767042_T_C,16,53767042.0,T,C,0.0236545,0.119094
16_53779455_T_A,,,,,,
16_53779455_T_G,16,53779455.0,T,G,0.0231847,0.12847
16_56957451_C_T,16,56957451.0,C,T,-0.0123096,0.445562
16_83178793_G_A,,,,,,
16_83178793_G_C,,,,,,
16_83178793_G_T,16,83178793.0,G,T,-0.0113909,0.552489
16_31093557_G_A,16,31093557.0,G,A,0.00517847,0.735247
16_31093557_G_C,,,,,,
17_34252769_A_G,17,34252769.0,A,G,-0.0143153,0.396315
17_4632019_G_A,17,4632019.0,G,A,-0.0324481,0.5899
17_78357712_A_G,17,78357712.0,A,G,0.0458189,0.0737153
17_47283364_T_C,17,47283364.0,T,C,-0.0279084,0.177424
18_31598655_G_A,,,,,,
19_44952331_T_C,19,44952331.0,T,C,-0.000489295,0.979009
19_11107513_C_A,,,,,,
19_11107513_C_G,,,,,,
19_11107513_C_T,,,,,,
19_11110767_C_A,,,,,,
19_11110767_C_G,,,,,,
19_11110767_C_T,,,,,,
19_11129602_G_A,19,11129602.0,G,A,-0.0562011,0.753676
19_11129602_G_T,,,,,,
19_11110735_G_A,,,,,,
19_11110735_G_C,,,,,,
19_11110735_G_T,,,,,,
19_11107402_C_A,,,,,,
19_11107402_C_G,,,,,,
19_11107402_C_T,,,,,,
19_11102706_G_A,,,,,,
19_11102706_G_T,,,,,,
19_11106627_C_T,,,,,,
19_49188641_G_A,,,,,,
19_45678134_G_C,19,45678134.0,G,C,-0.0129703,0.502824
19_11116873_C_T,,,,,,
19_11111541_C_A,,,,,,
19_11111541_C_T,,,,,,
19_11089559_G_A,,,,,,
19_11105250_G_A,,,,,,
19_11116937_G_A,,,,,,
19_11116937_G_T,,,,,,
19_49182608_G_A,,,,,,
19_49182608_G_T,,,,,,
19_11100236_C_A,,,,,,
19_11100236_C_G,,,,,,
19_11100236_C_T,19,11100236.0,C,T,-0.045404,0.0483777
19_11120454_C_A,,,,,,
19_11120454_C_T,,,,,,
19_11100340_C_G,,,,,,
19_11100340_C_T,,,,,,
19_44908684_T_C,19,44908684.0,T,C,0.0702534,0.0019006
19_44919689_A_G,19,44919689.0,A,G,0.0775125,0.000273084
19_11110780_C_T,,,,,,
19_11110714_G_A,,,,,,
19_11110714_G_C,,,,,,
19_11100237_G_A,,,,,,
19_11100237_G_T,,,,,,
19_11113308_G_A,,,,,,
19_11113308_G_C,,,,,,
19_11120198_A_G,,,,,,
19_11120198_A_T,,,,,,
19_11102777_C_A,,,,,,
19_11102777_C_T,,,,,,
19_11113337_C_T,,,,,,
19_11105570_T_C,,,,,,
19_11105570_T_G,,,,,,
19_11113414_C_G,,,,,,
19_11113414_C_T,,,,,,
19_29573489_A_G,19,29573489.0,A,G,-0.0203258,0.296942
19_11110681_G_A,,,,,,
19_55156239_G_A,,,,,,
20_45919554_C_T,20,45919554.0,C,T,-0.00456626,0.787416
21_31667849_C_T,21,31667849.0,C,T,-0.00204127,0.899423
21_34449523_T_C,21,34449523.0,T,C,-0.00229793,0.882419
22_26293669_C_T,22,26293669.0,C,T,-0.0172392,0.275298
